{"cameraMode":{"drawMode":0,"name":"Shaded","section":"Shading Mode"},"sceneLighting":false,"audioPlay":false,"sceneViewState":{"m_AlwaysRefresh":false,"showFog":true,"showSkybox":false,"showFlares":true,"showImageEffects":true,"showParticleSystems":true,"showVisualEffectGraphs":true,"m_FxEnabled":true},"in2DMode":false,"pivot":{"x":-0.000009872019290924072,"y":0.41248422861099245,"z":8.121132850646973e-7},"rotation":{"x":0.327176958322525,"y":-0.00992047693580389,"z":0.0036140589509159328,"w":0.9449867010116577},"size":0.8784559369087219,"orthographic":false}